{
  "com.liferay.client.extension.type.configuration.CETConfiguration~category-browser-custom-element-css" : {
    ":configurator:policy" : "force",
    "baseURL" : "${portalURL}/o/category-browser",
    "buildTimestamp" : 1730833211320,
    "description" : "",
    "dxp.lxc.liferay.com.virtualInstanceId" : "default",
    "name" : "Category Browser CSS",
    "projectId" : "categorybrowser",
    "projectName" : "category-browser",
    "properties" : [ ],
    "sourceCodeURL" : "",
    "type" : "globalCSS",
    "typeSettings" : [ "url=css\\main.97ee571e.css" ],
    "webContextPath" : "/category-browser"
  },
  "com.liferay.client.extension.type.configuration.CETConfiguration~category-browser-custom-element-js" : {
    ":configurator:policy" : "force",
    "baseURL" : "${portalURL}/o/category-browser",
    "buildTimestamp" : 1730833211320,
    "description" : "",
    "dxp.lxc.liferay.com.virtualInstanceId" : "default",
    "name" : "Category Browser JS",
    "projectId" : "categorybrowser",
    "projectName" : "category-browser",
    "properties" : [ ],
    "sourceCodeURL" : "",
    "type" : "globalJS",
    "typeSettings" : [ "url=js\\main.8c1e52af.js" ],
    "webContextPath" : "/category-browser"
  },
  "com.liferay.oauth2.provider.configuration.OAuth2ProviderApplicationUserAgentConfiguration~category-browser-user-agent" : {
    ".serviceAddress" : "localhost:8080",
    ".serviceScheme" : "http",
    ":configurator:policy" : "force",
    "baseURL" : "${portalURL}/o/category-browser",
    "buildTimestamp" : 1730833211320,
    "description" : "",
    "dxp.lxc.liferay.com.virtualInstanceId" : "default",
    "homePageURL" : "$[conf:.serviceScheme]://$[conf:.serviceAddress]",
    "name" : "Category Browser User Agent",
    "projectId" : "categorybrowser",
    "projectName" : "category-browser",
    "properties" : [ ],
    "scopes" : [ "Liferay.Headless.Admin.Taxonomy.everything.read" ],
    "sourceCodeURL" : "",
    "type" : "oAuthApplicationUserAgent",
    "typeSettings" : [ ".serviceScheme=http", "scopes=Liferay.Headless.Admin.Taxonomy.everything.read", ".serviceAddress=localhost:8080" ],
    "webContextPath" : "/category-browser"
  }
}